name,player_id,discord_id,joined_at
Pan_Brepta,4e11b7f9fbbd4b3287c676486d6998ed,421422435561111552,27.6.2025
☥MrMisko☥,76561199229261440,515865153879670797,16.1.2026
Jacksiii,5cb95be2c64d38aac72d7e30654391e1,685576290685812814,22.9.2025
strajk,76561198439294955,692710117870665828,28.9.2025
Gkost,76561198045553992,220649421698760705,21.2.2025
Sasorry,76561198166632546,314074023657209867,6.3.2023
Steers,76561198012358346,461943896591826955,12.2.2025
hambatyzadky,ff93c61165f908b094aca52f2915bb8b,1171105907367747677,12.2.2025
Poirot,1cd1a9f7ee024f489fa21d8a7f53ebc8,293448889867042836,22.9.2025
FriKeek55,c4b187075a07ffac75ca056ad0f2b9e0,529339477441904663,18.4.2025
Brandon,76561199021941927,662321705796239374,14.12.2025
Dvojtek,76561198218668725,767009793075970050,6.10.2025
Kaleh,a42648e0520f4b1597586865e1c2d4fa,333007685991530501,22.7.2025
BLAST,76561198064833376,255450576136044554,19.2.2025
Peap,76561198017447744,792412159648858152,18.4.2025
skoky,76561198120514429,519519526094635019,11.5.2024
Alaplnejpala,76561198278656403,995290370399277076,1.1.2025
Krejcar,76561198055876056,765937794446655498,21.2.2025
Czjezus,76561198007223330,264090898114019338,12.4.2023
culturescum,76561197995193196/,548630052984848387,25.1.2025
Tripø,acdee5ca1ca55aa68661dfd766bfc50c,297503234631794698,19.2.2025
SizeR,76561198068817605,429161626898530334,19.4.2022
ogmo,7a4a511fc8cb08c5a18c453101d6956d,384719427393945610,21.1.2025
NeOnJedeHELL,76561198016257516,895773165333147728,21.1.2025
Bratr,76561199563759100,691925847216488449,12.7.2024
mIKI,76561197984721877,333623994098122755,18.4.2025
varinak,76561198317059331,619407422410457099,28.5.2023
NoLiferツ,abe09021f0bd6427056423a0389ca819,449279986646515723,29.1.2025
KW,76561197983950176,718782911712854046,17.12.2023
von_Karl,76561198040714988,770723873997717574,12.4.2023
Bille_PTP,76561198109723924,818210983155335218,6.3.2023
RudysCze88,8747669e913afa431c7128f73bfa5123,821404922863812610,19.2.2025
Wolf_LeBots,76561198111582026,350976341300084746,13.6.2023
Vintag,76561198087927327,274452594750128128,29.1.2025
MichaelWald,7b7852142495926043c92a3359a33719,610190492705226752,19.2.2025
WexxAr,76561198060252554,348153535147540480,13.4.2022
Martomor,76561198117392128,460865741386940430,26.6.2022
Dominik,76561198060687940,643506541160431638,12.6.2022
drakobiec,76561198049514800,354954896463757315,26.6.2023
Plzenak,76561198015830221,322659720861319179,21.1.2025
ŘíZeK1S,76561198279165306,963121583499649025,10.10.2022
Majkl94CZE,76561198037163503,678540569391398932,17.6.2024
Macaratek,76561199344879603,516750936425758721,19.8.2025
ULTIMATE,76561198081445183,244503266405253120,19.12.2022
TommikS,38000bd3d71775befcc73762fc9a42ab,1294005881780047936,12.2.2025
ZUGY-CZ,76561198819786524,1014802758437711933,9.3.2025
WranisDE,c1460f00ed334d2aab18e26f12987cb0,691567128268243027,30.5.2025
Lettlify,76561198353392987,215506335523930113,7.2.2026
Chromalife,76561198119489279,529275172906205184,7.2.2026
GhostmanTA3,97470b7c58452d7ad2f27a1b262442c5,921958489255977040,7.2.2026
JoshiCZ666,27d61d2b91384f3c850cb62c7f91bb62,393110382257897493,21.1.2025
☣-Thums-☣™,76561198034832038,495258228607680522,16.10.2022
MetYou,76561198192226489,693007993029001266,31.5.2024
Tommino,76561198183772366,406776765965664266,19.10.2022
KELLY_,76561198241875222,759123458310275073,3.4.2024
PemiK,76561198028703277,364148436557365249,25.2.2024
Pavlos97,76561198198438619,353248737914519552,13.4.2022
ALSAD,76561198102846217,443894223507423252,19.4.2022
Ryhar67,76561199107218738,762373301850210324,12.2.2025
DesertFox19,0a1bd224785b1ce890cd2969e7e0cec4,243490533958352907,19.2.2025
LuBoss,76561198167475417,1087705991723884554,22.3.2024
BOREC,76561198167785308,348540374941171723,12.7.2024
yoss,76561198201034228,741611748745936977,19.4.2022
warliscami,76561198285877816,464733657320390657,12.3.2025
Hopity CZ,76561199012130530,958297568427794432,13.4.2022
Kardy,76561198095282967,260808473636241408,18.4.2025
Ketchupikz,76561198007739785,175355264864747521,12.6.2022
pištaCZ,76561198003640286,621758180489166868,21.1.2025
Rennee77,76561198042428372,1310247067163295774,21.1.2025
CT-7567,76561199035697340,847469811683688468,24.9.2022
HellfuhRer,76561198021565312,423219613682237441,8.11.2022
chosé1337,5952ef38cc5efc94bb8f6127e23ae2be,311608593315135490,3.6.2025
LoreMaster,76561198112267708,493121329227235339,4.12.2023
Annchee,76561198255911901,215886782422581248,19.8.2025
pesoxiik,76561198448966031,263745827355361282,21.1.2025
rockNrollBombing,76561198038671271,745765874463408218,21.1.2025
MORE,76561198415033378,924041557596831796,21.1.2025
🅿Ⓐ🅽🅺🆈,76561198067108353,548232343308075036,17.12.2023
Bl4y3r CZ,76561197990196370,934583573275639840,15.4.2022
Benny,76561198071367040,990234289012637746,13.7.2022
Dword,76561198000668488,466946697604497410,13.4.2022
Dorfieee,76561198178339671,487532180223033354,11.8.2023
ムRaptorム,76561198009670431,660158141236903946,1.1.2025
Lucky,76561198016234272,527798243883745302,31.5.2023
Toshiro08CZ,88d1dee40bfa646191d70ff7adefa609,552566081601142804,6.10.2025
Ninjonik,76561198261125749,231105080961531905,1.1.2025
zoomik23,76561198236780620,540572173060931594,15.9.2022
Altanok5,f17568f25c8fb49a2c10c23e444ad07b,263430031378743308,30.5.2025
fejkr,76561197984687310,256847332841095168,13.4.2022
AnglordCZ,eb1d2a707fe4402589dcfa5ba17f03bc,659020070256902169,22.1.2026
JakubossCZ,76561199613673462,964118512534712361,22.1.2026
Meduz,af4259a99adbceb01c537d400a0fd599,771480826974175253,5.8.2025
PanTajnej,76561198288828080,858237202337497128,30.6.2025
Newtie42,ba62afbcf777446cb9cffd7b8f7acab8,751112951158800545,3.6.2025
Fejfi,76561198035069212,776422890454515723,13.7.2022
Hynek,76561199239839665,759791776553893899,28.7.2025
Maximus,71c67f53686bc80f387ec66ccec2b598,693193937044766872,19.2.2025
WΦRRY,76561198152833780,321401548846530560,29.1.2025
Dr1Zod_22,2b8de72c0cec481fb7e53bac46922685,694052119958913024,30.5.2025
GoLeM,76561198012664514,530850387511607326,19.12.2022
lakatoš59,76561198204677099,434665201409720321,9.1.2023
RAaaaACA,76561198095803104,224159067789066240,4.8.2023
Hamibaba,76561198095802046,447788256952713226,21.1.2025
Patronas,76561198089226065,785194659533422634,13.4.2022
Synix,76561199071765915,871319393697673257,24.6.2025
izizi,9db4c708aecaa3dd14ab475772f64935,474866520598511617,9.3.2025
Štěpáncz,76561198327319663,486980418344845323,12.8.2023
ronnar,76561198098807919,542421205601222681,2.4.2024
Amumbofis,76561198235261204,973664514543325204,6.10.2025
OmniisCZ,76561198296439497,687203390014619649,30.5.2025
Larry,76561198796354461,779725591066050560,13.4.2022
Majk,76561198015529317,333555625634299905,30.4.2022
JBMichal,ed343b96b47a340890358a1e8499f254,370107780809621506,16.1.2026
Harder_CZ,c3d26a094c9242eaac2f175e5b895d98,618503485729800193,15.10.2025
L4ngy_,76561198133651536,206298547451068416,2.9.2025
Sandiary,76561198056976245,334608553392340992,23.1.2023
DarkVendrick,d72534bf0cbd42f594c1fa4bf1ac0fd9,500384598086385694,5.11.2025
Ka$heK 🏄,76561198199051397,286560250578862080,13.9.2025
Doomino789,76561198007607221,236537468516564992,15.10.2025
kolaCZek,76561198145103492,766599892725530634,16.1.2026
RoboCZ,76561198362359575,397840802027667467,21.1.2025